{"round/idx": 82, "round/wall_ms": 386.620563454926, "round/acceptance_rate": 0.75, "round/accepted_tok_per_sec": 46.557275275655435, "round/accepted_tokens": 18, "round/drafted_tokens": 24, "round/active_batch_size": 3, "progress/done": 4, "_timestamp": 1769078349.1722026, "_runtime": 130.93054366111755, "_step": 81, "_wandb": {"runtime": 133}, "total/wall_s": 51.900444155558944}