{"round/idx": 8506, "round/wall_ms": 415.33242259174585, "round/acceptance_rate": 0.46153846153846156, "round/accepted_tok_per_sec": 14.446259607085251, "round/accepted_tokens": 6, "round/drafted_tokens": 13, "round/active_batch_size": 3, "progress/done": 353, "ema/accepted_tok_per_sec": 27.26841767920917, "ema/acceptance_rate": 0.5635671493313499, "straggler/ratio": 2.074729372607354, "round/bs": 3, "_timestamp": 1769569442.310424, "_runtime": 3530.283685207367, "_step": 8504, "_wandb": {"runtime": 3991}}