{"round/idx": 1000, "round/wall_ms": 497.6558266207576, "round/acceptance_rate": 0.3333333333333333, "round/accepted_tok_per_sec": 16.075366894270207, "round/accepted_tokens": 8, "round/drafted_tokens": 24, "round/active_batch_size": 3, "progress/done": 50, "_timestamp": 1769084899.2806308, "_runtime": 429.6300299167633, "_step": 998, "_wandb": {"runtime": 40851}}