{"round/idx": 8351, "round/wall_ms": 429.6009950339794, "round/acceptance_rate": 0.34782608695652173, "round/accepted_tok_per_sec": 18.621930797360555, "round/accepted_tokens": 8, "round/drafted_tokens": 23, "round/active_batch_size": 3, "progress/done": 380, "ema/accepted_tok_per_sec": 22.477923281202905, "ema/acceptance_rate": 0.4078334130644587, "straggler/ratio": 1.2367575157696884, "round/bs": 3, "_timestamp": 1769505979.0556397, "_runtime": 3287.0130648612976, "_step": 8350, "_wandb": {"runtime": 3289}, "total/wall_s": 3202.0728495875373}