{"round/idx": 82, "round/wall_ms": 390.1364356279373, "round/acceptance_rate": 0.75, "round/accepted_tok_per_sec": 46.13770557222735, "round/accepted_tokens": 18, "round/drafted_tokens": 24, "round/active_batch_size": 3, "progress/done": 4, "_timestamp": 1769071444.7384953, "_runtime": 130.83633136749268, "_step": 81, "_wandb": {"runtime": 133}, "total/wall_s": 52.430548982694745}