{"round/idx": 5845, "round/wall_ms": 196.52278907597065, "round/acceptance_rate": 0.6428571428571429, "round/accepted_tok_per_sec": 45.796215504151185, "round/accepted_tokens": 9, "round/drafted_tokens": 14, "round/active_batch_size": 3, "progress/done": 264, "ema/accepted_tok_per_sec": 29.017990963927055, "ema/acceptance_rate": 0.5202238304897445, "ema/traggler_ratio": 1.3397285626381075, "straggler/ratio": 1.206527422224515, "round/bs": 3, "_timestamp": 1769578195.9251015, "_runtime": 2634.2046604156494, "_step": 5844, "_wandb": {"runtime": 2636}, "total/wall_s": 2545.57922563795}