{"round/idx": 1000, "round/wall_ms": 394.52079497277737, "round/acceptance_rate": 0.6666666666666666, "round/accepted_tok_per_sec": 40.55553016186138, "round/accepted_tokens": 16, "round/drafted_tokens": 24, "round/active_batch_size": 3, "progress/done": 38, "_timestamp": 1769076486.664594, "_runtime": 4257.915913820267, "_step": 999, "_wandb": {"runtime": 4260}, "total/wall_s": 4173.330415157601}