{"round/idx": 5881, "round/wall_ms": 595.6651431042701, "round/acceptance_rate": 0.2916666666666667, "round/accepted_tok_per_sec": 11.751568949493931, "round/accepted_tokens": 7, "round/drafted_tokens": 24, "round/active_batch_size": 3, "progress/done": 264, "ema/accepted_tok_per_sec": 27.674605920843966, "ema/acceptance_rate": 0.5190644821568787, "ema/traggler_ratio": 1.3573852372218587, "straggler/ratio": 1.4010035222187185, "round/bs": 3, "_timestamp": 1772074076.0659766, "_runtime": 2784.9276707172394, "_step": 5880, "_wandb": {"runtime": 2785}, "total/wall_s": 2711.41769222077}