{"round/idx": 5599, "round/wall_ms": 410.2767601143569, "round/acceptance_rate": 0.8125, "round/accepted_tok_per_sec": 31.68592828990971, "round/accepted_tokens": 13, "round/drafted_tokens": 16, "round/active_batch_size": 3, "progress/done": 244, "ema/accepted_tok_per_sec": 28.681389934496217, "ema/acceptance_rate": 0.501948764482, "ema/traggler_ratio": 1.3261772057495227, "straggler/ratio": 1.197512559347776, "round/bs": 3, "_timestamp": 1772077539.8715222, "_runtime": 3013.925248146057, "_step": 5598, "_wandb": {"runtime": 3014}, "total/wall_s": 2949.492133148946}