{"round/idx": 5599, "round/wall_ms": 398.17644003778696, "round/acceptance_rate": 0.8125, "round/accepted_tok_per_sec": 32.64884280638578, "round/accepted_tokens": 13, "round/drafted_tokens": 16, "round/active_batch_size": 3, "progress/done": 244, "ema/accepted_tok_per_sec": 28.98856295809343, "ema/acceptance_rate": 0.501948764482, "ema/traggler_ratio": 1.3255231335552822, "straggler/ratio": 1.21279752178706, "round/bs": 3, "_timestamp": 1769581871.1926966, "_runtime": 3004.5997116565704, "_step": 5598, "_wandb": {"runtime": 3007}, "total/wall_s": 2918.7785175470635}