{"round/idx": 1000, "round/wall_ms": 502.240439876914, "round/acceptance_rate": 0.3333333333333333, "round/accepted_tok_per_sec": 15.928625743400094, "round/accepted_tokens": 8, "round/drafted_tokens": 24, "round/active_batch_size": 3, "progress/done": 50, "_timestamp": 1769156033.7919652, "_runtime": 430.2317762374878, "_step": 998, "_wandb": {"runtime": 81614}}